{
  "providers": {
    "awscloudformation": {
      "AuthRoleName": "amplify-scanandsewapp-staging-71ab4-authRole",
      "UnauthRoleArn": "arn:aws:iam::637423498269:role/amplify-scanandsewapp-staging-71ab4-unauthRole",
      "AuthRoleArn": "arn:aws:iam::637423498269:role/amplify-scanandsewapp-staging-71ab4-authRole",
      "Region": "us-east-1",
      "DeploymentBucketName": "amplify-scanandsewapp-staging-71ab4-deployment",
      "UnauthRoleName": "amplify-scanandsewapp-staging-71ab4-unauthRole",
      "StackName": "amplify-scanandsewapp-staging-71ab4",
      "StackId": "arn:aws:cloudformation:us-east-1:637423498269:stack/amplify-scanandsewapp-staging-71ab4/3b1626c0-8240-11ef-9129-0afffe1d5823",
      "AmplifyAppId": "d2hlus9pns00e4"
    }
  },
  "auth": {
    "scanandsewapp": {
      "service": "Cognito",
      "providerPlugin": "awscloudformation",
      "dependsOn": [],
      "customAuth": false,
      "frontendAuthConfig": {
        "socialProviders": [],
        "usernameAttributes": [
          "EMAIL"
        ],
        "signupAttributes": [
          "PREFERRED_USERNAME"
        ],
        "passwordProtectionSettings": {
          "passwordPolicyMinLength": 8,
          "passwordPolicyCharacters": [
            "REQUIRES_LOWERCASE",
            "REQUIRES_NUMBERS",
            "REQUIRES_SYMBOLS",
            "REQUIRES_UPPERCASE"
          ]
        },
        "mfaConfiguration": "OFF",
        "mfaTypes": [
          "SMS"
        ],
        "verificationMechanisms": [
          "EMAIL"
        ]
      },
      "providerMetadata": {
        "s3TemplateURL": "https://s3.amazonaws.com/amplify-scanandsewapp-staging-71ab4-deployment/amplify-cfn-templates/auth/scanandsewapp-cloudformation-template.json",
        "logicalId": "authscanandsewapp"
      },
      "lastPushTimeStamp": "2024-10-04T11:43:42.815Z",
      "output": {
        "UserPoolId": "us-east-1_UWPsPQCrM",
        "AppClientIDWeb": "59qb3gpi6s3k8gcs5te559d47o",
        "AppClientID": "70ctnq56irbkadg3d2chck9pkk",
        "IdentityPoolId": "us-east-1:0714ec6f-d208-423b-bcf8-c4531fe6a243",
        "UserPoolArn": "arn:aws:cognito-idp:us-east-1:637423498269:userpool/us-east-1_UWPsPQCrM",
        "IdentityPoolName": "testAuthIdentityPool__staging",
        "UserPoolName": "scanandsewapp"
      },
      "lastPushDirHash": "UuZ2Dwrwf8tW4YksDEQMlasAX1Q="
    }
  }
}