{
  "aws_project_region": "us-east-1",
  "aws_cognito_identity_pool_id": "us-east-1:0714ec6f-d208-423b-bcf8-c4531fe6a243",
  "aws_cognito_region": "us-east-1",
  "aws_user_pools_id": "us-east-1_UWPsPQCrM",
  "aws_user_pools_web_client_id": "59qb3gpi6s3k8gcs5te559d47o",
  "oauth": {},
  "aws_cognito_username_attributes": [
    "EMAIL"
  ],
  "aws_cognito_social_providers": [],
  "aws_cognito_signup_attributes": [
    "PREFERRED_USERNAME"
  ],
  "aws_cognito_mfa_configuration": "OFF",
  "aws_cognito_mfa_types": [
    "SMS"
  ],
  "aws_cognito_password_protection_settings": {
    "passwordPolicyMinLength": 8,
    "passwordPolicyCharacters": [
      "REQUIRES_LOWERCASE",
      "REQUIRES_NUMBERS",
      "REQUIRES_SYMBOLS",
      "REQUIRES_UPPERCASE"
    ]
  },
  "aws_cognito_verification_mechanisms": [
    "EMAIL"
  ]
}